CustomerID,EventType,ProductID,ProductCategory,Price,SessionID,id,_rid,_self,_etag,_attachments,_ts
70479,Add to Cart,Laptop,Laptop,1000,b886c2069f538b88794052dbaae6c83a,30a9001a-27d7-4137-b6f8-93aa036b018d,ppRqAOJ2SbQGAAAAAAAAAA==,dbs/ppRqAA==/colls/ppRqAOJ2SbQ=/docs/ppRqAOJ2SbQGAAAAAAAAAA==/,"""a5001269-0000-0a00-0000-67ef6ba90000""",attachments/,1743743913
96432,Page Visit,Smartphone,Smartphone,,edd6cfc8e4fb23b500b06d6bc9ac7782,6a68c105-aeea-4fe1-9c5f-ee95958fa2d2,ppRqAOJ2SbSGAwAAAAAAAA==,dbs/ppRqAA==/colls/ppRqAOJ2SbQ=/docs/ppRqAOJ2SbSGAwAAAAAAAA==/,"""a500936c-0000-0a00-0000-67ef6baa0000""",attachments/,1743743914
70479,Page Visit,Laptop,Laptop,,b886c2069f538b88794052dbaae6c83a,aa4e5374-f478-402e-891e-071f23227a6a,ppRqAOJ2SbQEAAAAAAAAAA==,dbs/ppRqAA==/colls/ppRqAOJ2SbQ=/docs/ppRqAOJ2SbQEAAAAAAAAAA==/,"""a5001069-0000-0a00-0000-67ef6ba90000""",attachments/,1743743913
96432,Page Visit,Smartphone,Smartphone,,edd6cfc8e4fb23b500b06d6bc9ac7782,c907018a-f919-4543-938f-5d75e5a5fd24,ppRqAOJ2SbSEAwAAAAAAAA==,dbs/ppRqAA==/colls/ppRqAOJ2SbQ=/docs/ppRqAOJ2SbSEAwAAAAAAAA==/,"""a500916c-0000-0a00-0000-67ef6baa0000""",attachments/,1743743914
70479,Add to Cart,Headphones,Headphones,150,b886c2069f538b88794052dbaae6c83a,a885ba40-fbc6-4f3e-b4d2-1b55bf345fe7,ppRqAOJ2SbQDAAAAAAAAAA==,dbs/ppRqAA==/colls/ppRqAOJ2SbQ=/docs/ppRqAOJ2SbQDAAAAAAAAAA==/,"""a5000f69-0000-0a00-0000-67ef6ba90000""",attachments/,1743743913
96432,Add to Cart,Smartphone,Smartphone,500,edd6cfc8e4fb23b500b06d6bc9ac7782,d7b7f8f5-5caf-4cc9-80fd-0d334cc73abe,ppRqAOJ2SbSDAwAAAAAAAA==,dbs/ppRqAA==/colls/ppRqAOJ2SbQ=/docs/ppRqAOJ2SbSDAwAAAAAAAA==/,"""a500906c-0000-0a00-0000-67ef6baa0000""",attachments/,1743743914
46119,Page Visit,Laptop,Laptop,,1f3cdcb05b81832b855b874d1a6f91c6,8b7612b2-9862-4017-8eea-8655e4cd1117,ppRqAOJ2SbQDBwAAAAAAAA==,dbs/ppRqAA==/colls/ppRqAOJ2SbQ=/docs/ppRqAOJ2SbQDBwAAAAAAAA==/,"""a5001070-0000-0a00-0000-67ef6bab0000""",attachments/,1743743915
55640,Page Visit,Laptop,Laptop,,e0317862cae69c5db7ebf669ea37f989,b8ca8437-f893-45bc-ae09-008cdb601ca8,ppRqAOJ2SbR8CgAAAAAAAA==,dbs/ppRqAA==/colls/ppRqAOJ2SbQ=/docs/ppRqAOJ2SbR8CgAAAAAAAA==/,"""a500b873-0000-0a00-0000-67ef6bd30000""",attachments/,1743743955
66514,Add to Cart,Smartphone,Smartphone,500,9ade5bc057fc6eb71d57fab59252ef86,6754d632-885b-4d07-bef8-ecda6397358c,ppRqAOJ2SbQHAAAAAAAAAA==,dbs/ppRqAA==/colls/ppRqAOJ2SbQ=/docs/ppRqAOJ2SbQHAAAAAAAAAA==/,"""a5001369-0000-0a00-0000-67ef6ba90000""",attachments/,1743743913
96432,Page Visit,Camera,Camera,,edd6cfc8e4fb23b500b06d6bc9ac7782,e8f7adaf-7367-4817-b3d1-986547dcb3a7,ppRqAOJ2SbSHAwAAAAAAAA==,dbs/ppRqAA==/colls/ppRqAOJ2SbQ=/docs/ppRqAOJ2SbSHAwAAAAAAAA==/,"""a500946c-0000-0a00-0000-67ef6baa0000""",attachments/,1743743914
73444,Page Visit,Headphones,Headphones,,7d93817ce0ade707b50bf790707ab65a,59e22e13-d3b3-4c62-a01b-d7dd5fcc20d9,ppRqAOJ2SbQHBwAAAAAAAA==,dbs/ppRqAA==/colls/ppRqAOJ2SbQ=/docs/ppRqAOJ2SbQHBwAAAAAAAA==/,"""a5001470-0000-0a00-0000-67ef6bab0000""",attachments/,1743743915
83119,Page Visit,Headphones,Headphones,,778f4f2d655e79e5a5d5f48d996f1989,0a126e41-dd01-43f2-aedf-f742b4c27d8e,ppRqAOJ2SbSHCgAAAAAAAA==,dbs/ppRqAA==/colls/ppRqAOJ2SbQ=/docs/ppRqAOJ2SbSHCgAAAAAAAA==/,"""a500c373-0000-0a00-0000-67ef6bd30000""",attachments/,1743743955
70479,Page Visit,Headphones,Headphones,,b886c2069f538b88794052dbaae6c83a,582298de-1948-45a1-ae8d-7baf21b125f3,ppRqAOJ2SbQFAAAAAAAAAA==,dbs/ppRqAA==/colls/ppRqAOJ2SbQ=/docs/ppRqAOJ2SbQFAAAAAAAAAA==/,"""a5001169-0000-0a00-0000-67ef6ba90000""",attachments/,1743743913
96432,Page Visit,Camera,Camera,,edd6cfc8e4fb23b500b06d6bc9ac7782,ca654759-90fb-4e7f-8243-411fa03ccc67,ppRqAOJ2SbSFAwAAAAAAAA==,dbs/ppRqAA==/colls/ppRqAOJ2SbQ=/docs/ppRqAOJ2SbSFAwAAAAAAAA==/,"""a500926c-0000-0a00-0000-67ef6baa0000""",attachments/,1743743914
73444,Page Visit,Headphones,Headphones,,7d93817ce0ade707b50bf790707ab65a,53336fe8-9e04-4124-8feb-a9e613b732b7,ppRqAOJ2SbQFBwAAAAAAAA==,dbs/ppRqAA==/colls/ppRqAOJ2SbQ=/docs/ppRqAOJ2SbQFBwAAAAAAAA==/,"""a5001270-0000-0a00-0000-67ef6bab0000""",attachments/,1743743915
92735,Add to Cart,Smartphone,Smartphone,500,ea3e6e3d2e8c117282a7ba548a0fde14,5d8490df-3488-4776-8aed-40ae0fa8412e,ppRqAOJ2SbSFCgAAAAAAAA==,dbs/ppRqAA==/colls/ppRqAOJ2SbQ=/docs/ppRqAOJ2SbSFCgAAAAAAAA==/,"""a500c173-0000-0a00-0000-67ef6bd30000""",attachments/,1743743955
86022,Page Visit,Laptop,Laptop,,9e7c53382c99ef43c0c3ed028333bcb3,d480cb9c-deaa-4f84-8439-1edcb3587252,ppRqAOJ2SbQCAAAAAAAAAA==,dbs/ppRqAA==/colls/ppRqAOJ2SbQ=/docs/ppRqAOJ2SbQCAAAAAAAAAA==/,"""a5000e69-0000-0a00-0000-67ef6ba90000""",attachments/,1743743913
23346,Page Visit,Smartphone,Smartphone,,2aa2c8e964af9592867d71d883cbff06,21f2e00a-b1a0-4e2e-92bb-df3e67ebc251,ppRqAOJ2SbSCAwAAAAAAAA==,dbs/ppRqAA==/colls/ppRqAOJ2SbQ=/docs/ppRqAOJ2SbSCAwAAAAAAAA==/,"""a5008f6c-0000-0a00-0000-67ef6baa0000""",attachments/,1743743914
86022,Page Visit,Smartphone,Smartphone,,9e7c53382c99ef43c0c3ed028333bcb3,f2030313-4627-4b0c-bb43-a7853de27f47,ppRqAOJ2SbQBAAAAAAAAAA==,dbs/ppRqAA==/colls/ppRqAOJ2SbQ=/docs/ppRqAOJ2SbQBAAAAAAAAAA==/,"""a5000d69-0000-0a00-0000-67ef6ba90000""",attachments/,1743743913
23346,Page Visit,Headphones,Headphones,,2aa2c8e964af9592867d71d883cbff06,15187d3f-9b64-4dd4-a825-7d54e49fc6cc,ppRqAOJ2SbSBAwAAAAAAAA==,dbs/ppRqAA==/colls/ppRqAOJ2SbQ=/docs/ppRqAOJ2SbSBAwAAAAAAAA==/,"""a5008e6c-0000-0a00-0000-67ef6baa0000""",attachments/,1743743914
46119,Purchase,Smartphone,Smartphone,500,1f3cdcb05b81832b855b874d1a6f91c6,13dc8491-086b-4142-885f-3b5010855b1b,ppRqAOJ2SbQBBwAAAAAAAA==,dbs/ppRqAA==/colls/ppRqAOJ2SbQ=/docs/ppRqAOJ2SbQBBwAAAAAAAA==/,"""a5000e70-0000-0a00-0000-67ef6bab0000""",attachments/,1743743915
38914,Page Visit,Headphones,Headphones,,decedd8a4ce2f4aa48f4d5375d05a535,c912881e-bb82-4442-8265-fcdb3fd9fd7f,ppRqAOJ2SbSBCgAAAAAAAA==,dbs/ppRqAA==/colls/ppRqAOJ2SbQ=/docs/ppRqAOJ2SbSBCgAAAAAAAA==/,"""a500bd73-0000-0a00-0000-67ef6bd30000""",attachments/,1743743955
12106,Page Visit,Laptop,Laptop,,60564c2fbf7b60726c180dc129b23cca,5cbf4175-11de-4102-b87f-fc22a877655b,ppRqAOJ2SbQNAAAAAAAAAA==,dbs/ppRqAA==/colls/ppRqAOJ2SbQ=/docs/ppRqAOJ2SbQNAAAAAAAAAA==/,"""a5001969-0000-0a00-0000-67ef6ba90000""",attachments/,1743743913
12899,Page Visit,Headphones,Headphones,,569b78dfcef1cb256f149aaa0ed69054,a87312af-556e-4049-a4db-4c3d7bb84bdf,ppRqAOJ2SbSNAwAAAAAAAA==,dbs/ppRqAA==/colls/ppRqAOJ2SbQ=/docs/ppRqAOJ2SbSNAwAAAAAAAA==/,"""a5009a6c-0000-0a00-0000-67ef6baa0000""",attachments/,1743743914
85678,Add to Cart,Laptop,Laptop,1000,e384f07d1a280b346244c5ec9d922502,7f8a56c2-cb94-48d6-ad20-09cce819c1c7,ppRqAOJ2SbQLAAAAAAAAAA==,dbs/ppRqAA==/colls/ppRqAOJ2SbQ=/docs/ppRqAOJ2SbQLAAAAAAAAAA==/,"""a5001769-0000-0a00-0000-67ef6ba90000""",attachments/,1743743913
50017,Add to Cart,Laptop,Laptop,1000,05651f46f6333d96e3d83f1e68310fd1,4df84e95-29f7-41b4-92c2-bd1795342930,ppRqAOJ2SbSLAwAAAAAAAA==,dbs/ppRqAA==/colls/ppRqAOJ2SbQ=/docs/ppRqAOJ2SbSLAwAAAAAAAA==/,"""a500986c-0000-0a00-0000-67ef6baa0000""",attachments/,1743743914
85678,Page Visit,Headphones,Headphones,,e384f07d1a280b346244c5ec9d922502,5be84dcc-902b-4209-86e2-ad576154e2ab,ppRqAOJ2SbQKAAAAAAAAAA==,dbs/ppRqAA==/colls/ppRqAOJ2SbQ=/docs/ppRqAOJ2SbQKAAAAAAAAAA==/,"""a5001669-0000-0a00-0000-67ef6ba90000""",attachments/,1743743913
50017,Add to Cart,Laptop,Laptop,1000,05651f46f6333d96e3d83f1e68310fd1,17c1b260-744a-403e-8693-20808d349057,ppRqAOJ2SbSKAwAAAAAAAA==,dbs/ppRqAA==/colls/ppRqAOJ2SbQ=/docs/ppRqAOJ2SbSKAwAAAAAAAA==/,"""a500976c-0000-0a00-0000-67ef6baa0000""",attachments/,1743743914
43773,Add to Cart,Headphones,Headphones,150,7ff671d21a52a0939b4022157b1ed04f,b0f421f2-4aae-4628-a029-0341d2a3662e,ppRqAOJ2SbQKBwAAAAAAAA==,dbs/ppRqAA==/colls/ppRqAOJ2SbQ=/docs/ppRqAOJ2SbQKBwAAAAAAAA==/,"""a5001770-0000-0a00-0000-67ef6bab0000""",attachments/,1743743915
38914,Add to Cart,Smartphone,Smartphone,500,decedd8a4ce2f4aa48f4d5375d05a535,8b668265-2602-41ca-bf53-13033e4f8ae5,ppRqAOJ2SbSDCgAAAAAAAA==,dbs/ppRqAA==/colls/ppRqAOJ2SbQ=/docs/ppRqAOJ2SbSDCgAAAAAAAA==/,"""a500bf73-0000-0a00-0000-67ef6bd30000""",attachments/,1743743955
12106,Page Visit,Smartphone,Smartphone,,60564c2fbf7b60726c180dc129b23cca,ec468e64-8491-46df-91f5-ef241a6ce3e8,ppRqAOJ2SbQOAAAAAAAAAA==,dbs/ppRqAA==/colls/ppRqAOJ2SbQ=/docs/ppRqAOJ2SbQOAAAAAAAAAA==/,"""a5001a69-0000-0a00-0000-67ef6ba90000""",attachments/,1743743913
12899,Page Visit,Laptop,Laptop,,569b78dfcef1cb256f149aaa0ed69054,e5d1ec0c-1e4e-4a42-a71b-b912e46da61c,ppRqAOJ2SbSOAwAAAAAAAA==,dbs/ppRqAA==/colls/ppRqAOJ2SbQ=/docs/ppRqAOJ2SbSOAwAAAAAAAA==/,"""a5009b6c-0000-0a00-0000-67ef6baa0000""",attachments/,1743743914
40418,Page Visit,Headphones,Headphones,,9ec51fa241787b36a02e5f8bce2bb5ed,4b2ae3c2-5db4-46f4-b352-5c5a041245e7,ppRqAOJ2SbQOBwAAAAAAAA==,dbs/ppRqAA==/colls/ppRqAOJ2SbQ=/docs/ppRqAOJ2SbQOBwAAAAAAAA==/,"""a5001b70-0000-0a00-0000-67ef6bab0000""",attachments/,1743743915
11382,Page Visit,Headphones,Headphones,,8bbe22cdbb1fcad45747eafcae1291ab,5e533c2e-73d8-4383-82f5-305ba0c8deee,ppRqAOJ2SbSOCgAAAAAAAA==,dbs/ppRqAA==/colls/ppRqAOJ2SbQ=/docs/ppRqAOJ2SbSOCgAAAAAAAA==/,"""a500ca73-0000-0a00-0000-67ef6bd30000""",attachments/,1743743955
85678,Page Visit,Laptop,Laptop,,e384f07d1a280b346244c5ec9d922502,dd6198cb-fdbf-403e-a2f5-87723e31996f,ppRqAOJ2SbQMAAAAAAAAAA==,dbs/ppRqAA==/colls/ppRqAOJ2SbQ=/docs/ppRqAOJ2SbQMAAAAAAAAAA==/,"""a5001869-0000-0a00-0000-67ef6ba90000""",attachments/,1743743913
14642,Page Visit,Laptop,Laptop,,2c884a82420b2bb601a338c44f2393fb,d8ac8098-6769-4294-91f4-2a1506f92f1c,ppRqAOJ2SbSMAwAAAAAAAA==,dbs/ppRqAA==/colls/ppRqAOJ2SbQ=/docs/ppRqAOJ2SbSMAwAAAAAAAA==/,"""a500996c-0000-0a00-0000-67ef6baa0000""",attachments/,1743743914
43773,Add to Cart,Camera,Camera,750,7ff671d21a52a0939b4022157b1ed04f,b4ea6c4c-7c46-4c85-b74c-1e18b182aff5,ppRqAOJ2SbQMBwAAAAAAAA==,dbs/ppRqAA==/colls/ppRqAOJ2SbQ=/docs/ppRqAOJ2SbQMBwAAAAAAAA==/,"""a5001970-0000-0a00-0000-67ef6bab0000""",attachments/,1743743915
11382,Page Visit,Smartphone,Smartphone,,8bbe22cdbb1fcad45747eafcae1291ab,a39ba458-8acb-4727-8c1c-adeadd7c6ca8,ppRqAOJ2SbSMCgAAAAAAAA==,dbs/ppRqAA==/colls/ppRqAOJ2SbQ=/docs/ppRqAOJ2SbSMCgAAAAAAAA==/,"""a500c873-0000-0a00-0000-67ef6bd30000""",attachments/,1743743955
52590,Purchase,Camera,Camera,750,6b35ac9c7220ead6617d5ed1f9019bf0,a63c7887-a3c6-4a35-bb7d-43bd3fe57767,ppRqAOJ2SbQJAAAAAAAAAA==,dbs/ppRqAA==/colls/ppRqAOJ2SbQ=/docs/ppRqAOJ2SbQJAAAAAAAAAA==/,"""a5001569-0000-0a00-0000-67ef6ba90000""",attachments/,1743743913
50017,Page Visit,Smartphone,Smartphone,,05651f46f6333d96e3d83f1e68310fd1,09d36bf4-1f92-48e0-8610-6c163fcbd906,ppRqAOJ2SbSJAwAAAAAAAA==,dbs/ppRqAA==/colls/ppRqAOJ2SbQ=/docs/ppRqAOJ2SbSJAwAAAAAAAA==/,"""a500966c-0000-0a00-0000-67ef6baa0000""",attachments/,1743743914
59845,Page Visit,Camera,Camera,,2496e1d05e6c19613256f77c03912469,fe3bb224-6936-4fc3-9b95-c3a166bd3524,ppRqAOJ2SbQIAAAAAAAAAA==,dbs/ppRqAA==/colls/ppRqAOJ2SbQ=/docs/ppRqAOJ2SbQIAAAAAAAAAA==/,"""a5001469-0000-0a00-0000-67ef6ba90000""",attachments/,1743743913
50017,Page Visit,Camera,Camera,,05651f46f6333d96e3d83f1e68310fd1,749605af-2b6b-4d68-bd92-38f7608a2c67,ppRqAOJ2SbSIAwAAAAAAAA==,dbs/ppRqAA==/colls/ppRqAOJ2SbQ=/docs/ppRqAOJ2SbSIAwAAAAAAAA==/,"""a500956c-0000-0a00-0000-67ef6baa0000""",attachments/,1743743914
43773,Purchase,Smartphone,Smartphone,500,7ff671d21a52a0939b4022157b1ed04f,96dbd9ab-e205-449e-bcd2-0f03944069d7,ppRqAOJ2SbQIBwAAAAAAAA==,dbs/ppRqAA==/colls/ppRqAOJ2SbQ=/docs/ppRqAOJ2SbQIBwAAAAAAAA==/,"""a5001570-0000-0a00-0000-67ef6bab0000""",attachments/,1743743915
83119,Page Visit,Camera,Camera,,778f4f2d655e79e5a5d5f48d996f1989,5f9b12bf-a017-4231-bbed-901808f687c0,ppRqAOJ2SbSICgAAAAAAAA==,dbs/ppRqAA==/colls/ppRqAOJ2SbQ=/docs/ppRqAOJ2SbSICgAAAAAAAA==/,"""a500c473-0000-0a00-0000-67ef6bd30000""",attachments/,1743743955
77594,Page Visit,Smartphone,Smartphone,,c3d04bce8a23ca40bda334fdf898d0eb,290744ac-b2b5-4b31-912a-8352f88756de,ppRqAOJ2SbQUAAAAAAAAAA==,dbs/ppRqAA==/colls/ppRqAOJ2SbQ=/docs/ppRqAOJ2SbQUAAAAAAAAAA==/,"""a5002069-0000-0a00-0000-67ef6ba90000""",attachments/,1743743913
75200,Page Visit,Headphones,Headphones,,74f7bc4893bd87840778db02b3c94702,e61b9b69-ecf1-4c46-b5d0-75667b24d8a2,ppRqAOJ2SbSUAwAAAAAAAA==,dbs/ppRqAA==/colls/ppRqAOJ2SbQ=/docs/ppRqAOJ2SbSUAwAAAAAAAA==/,"""a500a16c-0000-0a00-0000-67ef6baa0000""",attachments/,1743743914
53849,Add to Cart,Laptop,Laptop,1000,a823baac5861fb2badcce624095af848,b93256b1-9ef9-441d-9a9b-9769b7b8bddd,ppRqAOJ2SbQSAAAAAAAAAA==,dbs/ppRqAA==/colls/ppRqAOJ2SbQ=/docs/ppRqAOJ2SbQSAAAAAAAAAA==/,"""a5001e69-0000-0a00-0000-67ef6ba90000""",attachments/,1743743913
75200,Page Visit,Smartphone,Smartphone,,74f7bc4893bd87840778db02b3c94702,c142db6c-a9eb-4c10-8f2f-6fcdea7541ca,ppRqAOJ2SbSSAwAAAAAAAA==,dbs/ppRqAA==/colls/ppRqAOJ2SbQ=/docs/ppRqAOJ2SbSSAwAAAAAAAA==/,"""a5009f6c-0000-0a00-0000-67ef6baa0000""",attachments/,1743743914
53849,Page Visit,Smartphone,Smartphone,,a823baac5861fb2badcce624095af848,5707aeb5-6941-40e2-a041-688ddbded821,ppRqAOJ2SbQRAAAAAAAAAA==,dbs/ppRqAA==/colls/ppRqAOJ2SbQ=/docs/ppRqAOJ2SbQRAAAAAAAAAA==/,"""a5001d69-0000-0a00-0000-67ef6ba90000""",attachments/,1743743913
53100,Page Visit,Headphones,Headphones,,28e8cad188d055a5cc694c260239b66d,c1df347b-ea31-43bc-a992-d3cf3ef63611,ppRqAOJ2SbSRAwAAAAAAAA==,dbs/ppRqAA==/colls/ppRqAOJ2SbQ=/docs/ppRqAOJ2SbSRAwAAAAAAAA==/,"""a5009e6c-0000-0a00-0000-67ef6baa0000""",attachments/,1743743914
27400,Page Visit,Laptop,Laptop,,47900fceba127f03b257b46af0b2e262,051dd22d-4e8f-442d-b247-6e0cfd7baeda,ppRqAOJ2SbQRBwAAAAAAAA==,dbs/ppRqAA==/colls/ppRqAOJ2SbQ=/docs/ppRqAOJ2SbQRBwAAAAAAAA==/,"""a5001e70-0000-0a00-0000-67ef6bab0000""",attachments/,1743743915
37148,Page Visit,Headphones,Headphones,,0118f3e0cf8c4600fa442f78c812ddd6,8bbecd33-6737-4891-9268-4ac906a23b04,ppRqAOJ2SbSKCgAAAAAAAA==,dbs/ppRqAA==/colls/ppRqAOJ2SbQ=/docs/ppRqAOJ2SbSKCgAAAAAAAA==/,"""a500c673-0000-0a00-0000-67ef6bd30000""",attachments/,1743743955
77594,Page Visit,Smartphone,Smartphone,,c3d04bce8a23ca40bda334fdf898d0eb,38bd041f-d17c-4315-9ec2-2272621104c0,ppRqAOJ2SbQVAAAAAAAAAA==,dbs/ppRqAA==/colls/ppRqAOJ2SbQ=/docs/ppRqAOJ2SbQVAAAAAAAAAA==/,"""a5002169-0000-0a00-0000-67ef6ba90000""",attachments/,1743743913
75200,Add to Cart,Camera,Camera,750,74f7bc4893bd87840778db02b3c94702,a5d85061-e657-4208-9a15-83c7c00ecf18,ppRqAOJ2SbSVAwAAAAAAAA==,dbs/ppRqAA==/colls/ppRqAOJ2SbQ=/docs/ppRqAOJ2SbSVAwAAAAAAAA==/,"""a500a26c-0000-0a00-0000-67ef6baa0000""",attachments/,1743743914
68190,Page Visit,Smartphone,Smartphone,,c4ad191cca5db5194da926ac5026cb59,74eae12b-23d9-4c07-a255-a19ac22c1e56,ppRqAOJ2SbQVBwAAAAAAAA==,dbs/ppRqAA==/colls/ppRqAOJ2SbQ=/docs/ppRqAOJ2SbQVBwAAAAAAAA==/,"""a5002270-0000-0a00-0000-67ef6bab0000""",attachments/,1743743915
90743,Page Visit,Camera,Camera,,8247955ce95dae83a68325ef14054b03,818fdbee-f583-4d30-b4e7-9a31032514c9,ppRqAOJ2SbSVCgAAAAAAAA==,dbs/ppRqAA==/colls/ppRqAOJ2SbQ=/docs/ppRqAOJ2SbSVCgAAAAAAAA==/,"""a500d273-0000-0a00-0000-67ef6bd60000""",attachments/,1743743958
77594,Add to Cart,Smartphone,Smartphone,500,c3d04bce8a23ca40bda334fdf898d0eb,37484235-6a3f-478e-adb0-afc80099c809,ppRqAOJ2SbQTAAAAAAAAAA==,dbs/ppRqAA==/colls/ppRqAOJ2SbQ=/docs/ppRqAOJ2SbQTAAAAAAAAAA==/,"""a5001f69-0000-0a00-0000-67ef6ba90000""",attachments/,1743743913
75200,Add to Cart,Laptop,Laptop,1000,74f7bc4893bd87840778db02b3c94702,886d4105-83cd-4d64-ae46-fcc4af195e86,ppRqAOJ2SbSTAwAAAAAAAA==,dbs/ppRqAA==/colls/ppRqAOJ2SbQ=/docs/ppRqAOJ2SbSTAwAAAAAAAA==/,"""a500a06c-0000-0a00-0000-67ef6baa0000""",attachments/,1743743914
60862,Page Visit,Camera,Camera,,f3a27275f34e1d4d7396d05b0819e919,70c46b21-3248-477f-98cb-8d91d2e0ecae,ppRqAOJ2SbQTBwAAAAAAAA==,dbs/ppRqAA==/colls/ppRqAOJ2SbQ=/docs/ppRqAOJ2SbQTBwAAAAAAAA==/,"""a5002070-0000-0a00-0000-67ef6bab0000""",attachments/,1743743915
90743,Page Visit,Laptop,Laptop,,8247955ce95dae83a68325ef14054b03,ceef464b-75ec-4176-b144-27a5c7f3ade8,ppRqAOJ2SbSTCgAAAAAAAA==,dbs/ppRqAA==/colls/ppRqAOJ2SbQ=/docs/ppRqAOJ2SbSTCgAAAAAAAA==/,"""a500d073-0000-0a00-0000-67ef6bd40000""",attachments/,1743743956
53849,Page Visit,Laptop,Laptop,,a823baac5861fb2badcce624095af848,54fc1c98-10a2-42a4-9c8d-053bb3a7d1e3,ppRqAOJ2SbQQAAAAAAAAAA==,dbs/ppRqAA==/colls/ppRqAOJ2SbQ=/docs/ppRqAOJ2SbQQAAAAAAAAAA==/,"""a5001c69-0000-0a00-0000-67ef6ba90000""",attachments/,1743743913
12899,Add to Cart,Headphones,Headphones,150,569b78dfcef1cb256f149aaa0ed69054,8018a9fa-6e85-40b6-b275-a265d079f603,ppRqAOJ2SbSQAwAAAAAAAA==,dbs/ppRqAA==/colls/ppRqAOJ2SbQ=/docs/ppRqAOJ2SbSQAwAAAAAAAA==/,"""a5009d6c-0000-0a00-0000-67ef6baa0000""",attachments/,1743743914
12106,Page Visit,Camera,Camera,,60564c2fbf7b60726c180dc129b23cca,f61947f5-a334-4286-9af8-5908074bfa3b,ppRqAOJ2SbQPAAAAAAAAAA==,dbs/ppRqAA==/colls/ppRqAOJ2SbQ=/docs/ppRqAOJ2SbQPAAAAAAAAAA==/,"""a5001b69-0000-0a00-0000-67ef6ba90000""",attachments/,1743743913
12899,Page Visit,Laptop,Laptop,,569b78dfcef1cb256f149aaa0ed69054,a4e8cec9-e4dc-4d24-8f73-c080051abd50,ppRqAOJ2SbSPAwAAAAAAAA==,dbs/ppRqAA==/colls/ppRqAOJ2SbQ=/docs/ppRqAOJ2SbSPAwAAAAAAAA==/,"""a5009c6c-0000-0a00-0000-67ef6baa0000""",attachments/,1743743914
29679,Page Visit,Camera,Camera,,066245d40f9ce5e2b958ea898c2a16de,4c7e8236-a445-4260-b87d-8946cfa38f46,ppRqAOJ2SbQPBwAAAAAAAA==,dbs/ppRqAA==/colls/ppRqAOJ2SbQ=/docs/ppRqAOJ2SbQPBwAAAAAAAA==/,"""a5001c70-0000-0a00-0000-67ef6bab0000""",attachments/,1743743915
11382,Page Visit,Laptop,Laptop,,8bbe22cdbb1fcad45747eafcae1291ab,5b3cb1cb-a9c0-44d5-91dd-0a2384ac0c8f,ppRqAOJ2SbSPCgAAAAAAAA==,dbs/ppRqAA==/colls/ppRqAOJ2SbQ=/docs/ppRqAOJ2SbSPCgAAAAAAAA==/,"""a500cc73-0000-0a00-0000-67ef6bd40000""",attachments/,1743743956
73058,Page Visit,Camera,Camera,,4ec64f571cf53209cc3e4b3cf3576514,4de744c4-da34-4af7-8502-c03cf0b1a290,ppRqAOJ2SbQbAAAAAAAAAA==,dbs/ppRqAA==/colls/ppRqAOJ2SbQ=/docs/ppRqAOJ2SbQbAAAAAAAAAA==/,"""a5002769-0000-0a00-0000-67ef6ba90000""",attachments/,1743743913
50498,Page Visit,Headphones,Headphones,,7bfef3f1972405c4bf6ba7aab92c3337,3acc54e3-c9f2-41f7-aa5b-c2a0cd26d0b3,ppRqAOJ2SbSbAwAAAAAAAA==,dbs/ppRqAA==/colls/ppRqAOJ2SbQ=/docs/ppRqAOJ2SbSbAwAAAAAAAA==/,"""a500a86c-0000-0a00-0000-67ef6baa0000""",attachments/,1743743914
29420,Page Visit,Headphones,Headphones,,32818df639feaa57b1d6b9b2c62e6480,92183d29-8bc3-4e17-bd39-cfdbdd4b3c59,ppRqAOJ2SbQZAAAAAAAAAA==,dbs/ppRqAA==/colls/ppRqAOJ2SbQ=/docs/ppRqAOJ2SbQZAAAAAAAAAA==/,"""a5002569-0000-0a00-0000-67ef6ba90000""",attachments/,1743743913
55109,Page Visit,Laptop,Laptop,,a42fbc94a0a9892670bac8cf1158ec39,f3c58204-70e3-4e3d-ac52-e6603dce7481,ppRqAOJ2SbSZAwAAAAAAAA==,dbs/ppRqAA==/colls/ppRqAOJ2SbQ=/docs/ppRqAOJ2SbSZAwAAAAAAAA==/,"""a500a66c-0000-0a00-0000-67ef6baa0000""",attachments/,1743743914
29420,Page Visit,Camera,Camera,,32818df639feaa57b1d6b9b2c62e6480,c4bd5846-7ef0-4e74-88d2-1eb68750716d,ppRqAOJ2SbQYAAAAAAAAAA==,dbs/ppRqAA==/colls/ppRqAOJ2SbQ=/docs/ppRqAOJ2SbQYAAAAAAAAAA==/,"""a5002469-0000-0a00-0000-67ef6ba90000""",attachments/,1743743913
55109,Add to Cart,Camera,Camera,750,a42fbc94a0a9892670bac8cf1158ec39,2baaff20-2b61-423b-adab-04a44c6f7ef8,ppRqAOJ2SbSYAwAAAAAAAA==,dbs/ppRqAA==/colls/ppRqAOJ2SbQ=/docs/ppRqAOJ2SbSYAwAAAAAAAA==/,"""a500a56c-0000-0a00-0000-67ef6baa0000""",attachments/,1743743914
66886,Page Visit,Headphones,Headphones,,92b4a5cf1f24cdf19bf3b005554d60c8,b8f446c4-c4dc-407b-8c96-114fcdaf1901,ppRqAOJ2SbQYBwAAAAAAAA==,dbs/ppRqAA==/colls/ppRqAOJ2SbQ=/docs/ppRqAOJ2SbQYBwAAAAAAAA==/,"""a5002570-0000-0a00-0000-67ef6bab0000""",attachments/,1743743915
90743,Add to Cart,Smartphone,Smartphone,500,8247955ce95dae83a68325ef14054b03,1491ec90-f168-4919-af53-c36d6319fd3d,ppRqAOJ2SbSRCgAAAAAAAA==,dbs/ppRqAA==/colls/ppRqAOJ2SbQ=/docs/ppRqAOJ2SbSRCgAAAAAAAA==/,"""a500ce73-0000-0a00-0000-67ef6bd40000""",attachments/,1743743956
73058,Add to Cart,Camera,Camera,750,4ec64f571cf53209cc3e4b3cf3576514,4d699572-5299-4c79-89e4-577909d8a2f0,ppRqAOJ2SbQcAAAAAAAAAA==,dbs/ppRqAA==/colls/ppRqAOJ2SbQ=/docs/ppRqAOJ2SbQcAAAAAAAAAA==/,"""a5002869-0000-0a00-0000-67ef6ba90000""",attachments/,1743743913
36026,Page Visit,Laptop,Laptop,,92570a3c6a79fa7c0ceb5f8069c09c04,3051a191-22ef-4fcd-aabc-08ee8a86f7a8,ppRqAOJ2SbScAwAAAAAAAA==,dbs/ppRqAA==/colls/ppRqAOJ2SbQ=/docs/ppRqAOJ2SbScAwAAAAAAAA==/,"""a500a96c-0000-0a00-0000-67ef6baa0000""",attachments/,1743743914
28152,Page Visit,Laptop,Laptop,,31c83b84b718e14f10bc230145f73bcb,9cef48a2-6d99-4535-8fee-0423b9ce8a1d,ppRqAOJ2SbQcBwAAAAAAAA==,dbs/ppRqAA==/colls/ppRqAOJ2SbQ=/docs/ppRqAOJ2SbQcBwAAAAAAAA==/,"""a5002970-0000-0a00-0000-67ef6bab0000""",attachments/,1743743915
44440,Page Visit,Camera,Camera,,3c4796f37e47713933bd445550213882,ba2f4886-2af2-4a44-a079-7eb4bb82e1f0,ppRqAOJ2SbScCgAAAAAAAA==,dbs/ppRqAA==/colls/ppRqAOJ2SbQ=/docs/ppRqAOJ2SbScCgAAAAAAAA==/,"""a500d973-0000-0a00-0000-67ef6bd60000""",attachments/,1743743958
29420,Page Visit,Camera,Camera,,32818df639feaa57b1d6b9b2c62e6480,24cb7ba8-423e-42d0-916c-b86697b6ad09,ppRqAOJ2SbQaAAAAAAAAAA==,dbs/ppRqAA==/colls/ppRqAOJ2SbQ=/docs/ppRqAOJ2SbQaAAAAAAAAAA==/,"""a5002669-0000-0a00-0000-67ef6ba90000""",attachments/,1743743913
55109,Page Visit,Camera,Camera,,a42fbc94a0a9892670bac8cf1158ec39,faf9045d-415d-485c-a9c8-7d85e177ed0b,ppRqAOJ2SbSaAwAAAAAAAA==,dbs/ppRqAA==/colls/ppRqAOJ2SbQ=/docs/ppRqAOJ2SbSaAwAAAAAAAA==/,"""a500a76c-0000-0a00-0000-67ef6baa0000""",attachments/,1743743914
25438,Page Visit,Laptop,Laptop,,4ec043c36c9ad293120aa6b7f62d081b,1ec6eb92-ef4d-4ed4-a905-8831e557b864,ppRqAOJ2SbQaBwAAAAAAAA==,dbs/ppRqAA==/colls/ppRqAOJ2SbQ=/docs/ppRqAOJ2SbQaBwAAAAAAAA==/,"""a5002770-0000-0a00-0000-67ef6bab0000""",attachments/,1743743915
75481,Add to Cart,Smartphone,Smartphone,500,4b21fe7232721ee2be086af3cb1fe985,2ce43be6-779e-42fb-88fa-0cd68da5fb86,ppRqAOJ2SbSaCgAAAAAAAA==,dbs/ppRqAA==/colls/ppRqAOJ2SbQ=/docs/ppRqAOJ2SbSaCgAAAAAAAA==/,"""a500d773-0000-0a00-0000-67ef6bd60000""",attachments/,1743743958
77594,Page Visit,Smartphone,Smartphone,,c3d04bce8a23ca40bda334fdf898d0eb,2596c44e-2578-4e96-9d67-f8569b85c6e1,ppRqAOJ2SbQXAAAAAAAAAA==,dbs/ppRqAA==/colls/ppRqAOJ2SbQ=/docs/ppRqAOJ2SbQXAAAAAAAAAA==/,"""a5002369-0000-0a00-0000-67ef6ba90000""",attachments/,1743743913
14529,Page Visit,Camera,Camera,,f802709e6ea440c862017dafe5f4a902,197e8492-7acd-4847-a7ba-59810569538f,ppRqAOJ2SbSXAwAAAAAAAA==,dbs/ppRqAA==/colls/ppRqAOJ2SbQ=/docs/ppRqAOJ2SbSXAwAAAAAAAA==/,"""a500a46c-0000-0a00-0000-67ef6baa0000""",attachments/,1743743914
77594,Page Visit,Headphones,Headphones,,c3d04bce8a23ca40bda334fdf898d0eb,faa20296-bce9-419e-b40e-3f559099ab0d,ppRqAOJ2SbQWAAAAAAAAAA==,dbs/ppRqAA==/colls/ppRqAOJ2SbQ=/docs/ppRqAOJ2SbQWAAAAAAAAAA==/,"""a5002269-0000-0a00-0000-67ef6ba90000""",attachments/,1743743913
14529,Page Visit,Headphones,Headphones,,f802709e6ea440c862017dafe5f4a902,c641ec4f-8cdc-4825-9571-10cf948dbfcd,ppRqAOJ2SbSWAwAAAAAAAA==,dbs/ppRqAA==/colls/ppRqAOJ2SbQ=/docs/ppRqAOJ2SbSWAwAAAAAAAA==/,"""a500a36c-0000-0a00-0000-67ef6baa0000""",attachments/,1743743914
68190,Page Visit,Laptop,Laptop,,c4ad191cca5db5194da926ac5026cb59,2320d822-9614-4fd4-8cdd-f4dde4de8227,ppRqAOJ2SbQWBwAAAAAAAA==,dbs/ppRqAA==/colls/ppRqAOJ2SbQ=/docs/ppRqAOJ2SbQWBwAAAAAAAA==/,"""a5002370-0000-0a00-0000-67ef6bab0000""",attachments/,1743743915
75481,Page Visit,Camera,Camera,,4b21fe7232721ee2be086af3cb1fe985,b7d93032-e09b-4deb-84f0-8886a90f7656,ppRqAOJ2SbSWCgAAAAAAAA==,dbs/ppRqAA==/colls/ppRqAOJ2SbQ=/docs/ppRqAOJ2SbSWCgAAAAAAAA==/,"""a500d373-0000-0a00-0000-67ef6bd60000""",attachments/,1743743958
33710,Purchase,Camera,Camera,750,30cc678dbf32afdd41ca235dbf57b053,f01370f8-73bb-40db-af43-248fe10fba47,ppRqAOJ2SbQiAAAAAAAAAA==,dbs/ppRqAA==/colls/ppRqAOJ2SbQ=/docs/ppRqAOJ2SbQiAAAAAAAAAA==/,"""a5002e69-0000-0a00-0000-67ef6ba90000""",attachments/,1743743913
13436,Purchase,Camera,Camera,750,1bf32175728ac4c2d6bbc1cce3d8060c,458b85cd-016d-49d1-88c5-64163b7e18ec,ppRqAOJ2SbSiAwAAAAAAAA==,dbs/ppRqAA==/colls/ppRqAOJ2SbQ=/docs/ppRqAOJ2SbSiAwAAAAAAAA==/,"""a500af6c-0000-0a00-0000-67ef6baa0000""",attachments/,1743743914
85650,Add to Cart,Headphones,Headphones,150,09f1c1f4d6a294082709b4078e3a99fa,a70011a2-2494-4fab-8945-e5a252866d0f,ppRqAOJ2SbQgAAAAAAAAAA==,dbs/ppRqAA==/colls/ppRqAOJ2SbQ=/docs/ppRqAOJ2SbQgAAAAAAAAAA==/,"""a5002c69-0000-0a00-0000-67ef6ba90000""",attachments/,1743743913
32789,Page Visit,Camera,Camera,,bba5c6f9a9303300eebda0f24f8c57c7,cc3ea339-bd6b-462e-a7c0-3df82276bc08,ppRqAOJ2SbSgAwAAAAAAAA==,dbs/ppRqAA==/colls/ppRqAOJ2SbQ=/docs/ppRqAOJ2SbSgAwAAAAAAAA==/,"""a500ad6c-0000-0a00-0000-67ef6baa0000""",attachments/,1743743914
85650,Page Visit,Smartphone,Smartphone,,09f1c1f4d6a294082709b4078e3a99fa,b283015b-216e-45fb-abf3-8b39d6d65504,ppRqAOJ2SbQfAAAAAAAAAA==,dbs/ppRqAA==/colls/ppRqAOJ2SbQ=/docs/ppRqAOJ2SbQfAAAAAAAAAA==/,"""a5002b69-0000-0a00-0000-67ef6ba90000""",attachments/,1743743913
36026,Page Visit,Headphones,Headphones,,92570a3c6a79fa7c0ceb5f8069c09c04,5311d2ab-2466-4c69-86d8-83d2d992be69,ppRqAOJ2SbSfAwAAAAAAAA==,dbs/ppRqAA==/colls/ppRqAOJ2SbQ=/docs/ppRqAOJ2SbSfAwAAAAAAAA==/,"""a500ac6c-0000-0a00-0000-67ef6baa0000""",attachments/,1743743914
52079,Add to Cart,Laptop,Laptop,1000,e3c10f52ed8ab43a57b822deff1c7310,2615463f-8d2e-4993-b275-25ae43191270,ppRqAOJ2SbQfBwAAAAAAAA==,dbs/ppRqAA==/colls/ppRqAOJ2SbQ=/docs/ppRqAOJ2SbQfBwAAAAAAAA==/,"""a5002c70-0000-0a00-0000-67ef6bab0000""",attachments/,1743743915
75481,Page Visit,Camera,Camera,,4b21fe7232721ee2be086af3cb1fe985,5bfdfcd1-fa4f-4837-8e3d-9dcef23676a8,ppRqAOJ2SbSYCgAAAAAAAA==,dbs/ppRqAA==/colls/ppRqAOJ2SbQ=/docs/ppRqAOJ2SbSYCgAAAAAAAA==/,"""a500d573-0000-0a00-0000-67ef6bd60000""",attachments/,1743743958
33710,Page Visit,Laptop,Laptop,,30cc678dbf32afdd41ca235dbf57b053,42fd0b21-c9f9-43f0-8d99-7ecbb1143a0e,ppRqAOJ2SbQjAAAAAAAAAA==,dbs/ppRqAA==/colls/ppRqAOJ2SbQ=/docs/ppRqAOJ2SbQjAAAAAAAAAA==/,"""a5002f69-0000-0a00-0000-67ef6ba90000""",attachments/,1743743913
13436,Page Visit,Headphones,Headphones,,1bf32175728ac4c2d6bbc1cce3d8060c,bda18ab4-8bc1-4db4-b5f2-73ee1303bdbf,ppRqAOJ2SbSjAwAAAAAAAA==,dbs/ppRqAA==/colls/ppRqAOJ2SbQ=/docs/ppRqAOJ2SbSjAwAAAAAAAA==/,"""a500b06c-0000-0a00-0000-67ef6baa0000""",attachments/,1743743914
10792,Page Visit,Smartphone,Smartphone,,df8c0c5da7b6941a612aeb86ac0bbf72,09c2525c-da72-49e1-8f7b-a111a633cac7,ppRqAOJ2SbQjBwAAAAAAAA==,dbs/ppRqAA==/colls/ppRqAOJ2SbQ=/docs/ppRqAOJ2SbQjBwAAAAAAAA==/,"""a5003070-0000-0a00-0000-67ef6bab0000""",attachments/,1743743915
46216,Page Visit,Smartphone,Smartphone,,676904f41e1e7ffde5f60ee08439047c,73a7fd34-c48c-41ff-9d20-5051bedeb8c7,ppRqAOJ2SbSjCgAAAAAAAA==,dbs/ppRqAA==/colls/ppRqAOJ2SbQ=/docs/ppRqAOJ2SbSjCgAAAAAAAA==/,"""a500e073-0000-0a00-0000-67ef6bd60000""",attachments/,1743743958
